id,name,category,list_price,standard_price,qty_available,material,dimensions,style,warranty_months,description
furniture_product_001,Banco Nogal Moderno 01,bancos,649.89,287.16,13,Nogal,160x80x75,Moderno,12,Banco de estilo moderno fabricado en nogal. Dimensiones: 160x80x75 cm. Garantía de 12 meses.
furniture_product_002,Recibidor Vidrio Moderno 02,recibidores,279.45,131.29,77,Vidrio,120x60x75,Moderno,12,Recibidor de estilo moderno fabricado en vidrio. Dimensiones: 120x60x75 cm. Garantía de 12 meses.
furniture_product_003,Mesita Haya Contemporáneo 03,mesitas,589.98,340.29,103,Haya,100x50x45,Contemporáneo,12,Mesita de estilo contemporáneo fabricado en haya. Dimensiones: 100x50x45 cm. Garantía de 12 meses.
furniture_product_004,Silla Ratán Vintage 04,sillas,730.68,339.47,97,Ratán,210x160x35,Vintage,36,Silla de estilo vintage fabricado en ratán. Dimensiones: 210x160x35 cm. Garantía de 36 meses.
furniture_product_005,Mesa Nogal Vintage 05,mesas,929.4,467.66,33,Nogal,180x90x75,Vintage,12,Mesa de estilo vintage fabricado en nogal. Dimensiones: 180x90x75 cm. Garantía de 12 meses.
furniture_product_006,Colchón Mármol Contemporáneo 06,colchones,2434.03,1250.02,70,Mármol,180x90x75,Contemporáneo,36,Colchón de estilo contemporáneo fabricado en mármol. Dimensiones: 180x90x75 cm. Garantía de 36 meses.
furniture_product_007,Banco Tela Minimalista 07,bancos,521.01,219.28,84,Tela,220x180x35,Minimalista,24,Banco de estilo minimalista fabricado en tela. Dimensiones: 220x180x35 cm. Garantía de 24 meses.
furniture_product_008,Armario Nogal Clásico 08,armarios,981.21,525.95,106,Nogal,180x90x75,Clásico,36,Armario de estilo clásico fabricado en nogal. Dimensiones: 180x90x75 cm. Garantía de 36 meses.
furniture_product_009,Silla Metal Minimalista 09,sillas,1691.83,1032.94,87,Metal,90x90x75,Minimalista,12,Silla de estilo minimalista fabricado en metal. Dimensiones: 90x90x75 cm. Garantía de 12 meses.
furniture_product_010,Recibidor Terciopelo Industrial 10,recibidores,1836.26,824.52,48,Terciopelo,140x70x75,Industrial,36,Recibidor de estilo industrial fabricado en terciopelo. Dimensiones: 140x70x75 cm. Garantía de 36 meses.
furniture_product_011,Banco Ratán Contemporáneo 11,bancos,1727.2,1127.61,99,Ratán,90x90x75,Contemporáneo,12,Banco de estilo contemporáneo fabricado en ratán. Dimensiones: 90x90x75 cm. Garantía de 12 meses.
furniture_product_012,Cama Acero inoxidable Moderno 12,camas,1032.75,433.61,116,Acero inoxidable,210x160x35,Moderno,36,Cama de estilo moderno fabricado en acero inoxidable. Dimensiones: 210x160x35 cm. Garantía de 36 meses.
furniture_product_013,Cama Terciopelo Escandinavo 13,camas,2217.37,1314.58,18,Terciopelo,100x50x45,Escandinavo,36,Cama de estilo escandinavo fabricado en terciopelo. Dimensiones: 100x50x45 cm. Garantía de 36 meses.
furniture_product_014,Silla Haya Contemporáneo 14,sillas,693.62,399.09,114,Haya,140x70x75,Contemporáneo,60,Silla de estilo contemporáneo fabricado en haya. Dimensiones: 140x70x75 cm. Garantía de 60 meses.
furniture_product_015,Estantería Haya Industrial 15,estanterias,1259.01,789.07,110,Haya,140x70x75,Industrial,12,Estantería de estilo industrial fabricado en haya. Dimensiones: 140x70x75 cm. Garantía de 12 meses.
furniture_product_016,Silla Terciopelo Industrial 16,sillas,1511.1,778.87,76,Terciopelo,100x50x45,Industrial,60,Silla de estilo industrial fabricado en terciopelo. Dimensiones: 100x50x45 cm. Garantía de 60 meses.
furniture_product_017,Mesita Cerezo Contemporáneo 17,mesitas,1716.59,745.63,113,Cerezo,120x60x75,Contemporáneo,36,Mesita de estilo contemporáneo fabricado en cerezo. Dimensiones: 120x60x75 cm. Garantía de 36 meses.
furniture_product_018,Banco Metal Nórdico 18,bancos,1115.07,597.81,92,Metal,160x80x75,Nórdico,36,Banco de estilo nórdico fabricado en metal. Dimensiones: 160x80x75 cm. Garantía de 36 meses.
furniture_product_019,Mesita DM lacado Industrial 19,mesitas,2285.84,1511.3,38,DM lacado,140x70x75,Industrial,24,Mesita de estilo industrial fabricado en dm lacado. Dimensiones: 140x70x75 cm. Garantía de 24 meses.
furniture_product_020,Silla Metal Industrial 20,sillas,2385.97,1614.66,117,Metal,140x70x75,Industrial,12,Silla de estilo industrial fabricado en metal. Dimensiones: 140x70x75 cm. Garantía de 12 meses.
furniture_product_021,Recibidor Metal Escandinavo 21,recibidores,323.98,164.87,106,Metal,120x60x75,Escandinavo,36,Recibidor de estilo escandinavo fabricado en metal. Dimensiones: 120x60x75 cm. Garantía de 36 meses.
furniture_product_022,Cama Roble Clásico 22,camas,2369.93,1008.87,62,Roble,220x180x35,Clásico,12,Cama de estilo clásico fabricado en roble. Dimensiones: 220x180x35 cm. Garantía de 12 meses.
furniture_product_023,Mesita DM lacado Industrial 23,mesitas,1666.29,1139.83,21,DM lacado,200x150x40,Industrial,36,Mesita de estilo industrial fabricado en dm lacado. Dimensiones: 200x150x40 cm. Garantía de 36 meses.
furniture_product_024,Mesita Acero inoxidable Art Déco 24,mesitas,2412.59,1637.36,96,Acero inoxidable,100x50x45,Art Déco,24,Mesita de estilo art déco fabricado en acero inoxidable. Dimensiones: 100x50x45 cm. Garantía de 24 meses.
furniture_product_025,Colchón Cerezo Vintage 25,colchones,1123.25,623.71,15,Cerezo,210x160x35,Vintage,24,Colchón de estilo vintage fabricado en cerezo. Dimensiones: 210x160x35 cm. Garantía de 24 meses.
furniture_product_026,Cama Nogal Minimalista 26,camas,1491.26,699.45,28,Nogal,120x60x75,Minimalista,12,Cama de estilo minimalista fabricado en nogal. Dimensiones: 120x60x75 cm. Garantía de 12 meses.
furniture_product_027,Mesa Ratán Moderno 27,mesas,215.03,88.04,42,Ratán,90x90x75,Moderno,12,Mesa de estilo moderno fabricado en ratán. Dimensiones: 90x90x75 cm. Garantía de 12 meses.
furniture_product_028,Mesita Haya Rústico 28,mesitas,574.78,252.73,119,Haya,80x80x40,Rústico,60,Mesita de estilo rústico fabricado en haya. Dimensiones: 80x80x40 cm. Garantía de 60 meses.
furniture_product_029,Cama DM lacado Escandinavo 29,camas,516.4,221.58,55,DM lacado,100x50x45,Escandinavo,36,Cama de estilo escandinavo fabricado en dm lacado. Dimensiones: 100x50x45 cm. Garantía de 36 meses.
furniture_product_030,Escritorio Vidrio Escandinavo 30,escritorios,1699.64,1181.67,12,Vidrio,120x60x75,Escandinavo,12,Escritorio de estilo escandinavo fabricado en vidrio. Dimensiones: 120x60x75 cm. Garantía de 12 meses.
furniture_product_031,Escritorio Ratán Minimalista 31,escritorios,659.11,301.25,57,Ratán,180x90x75,Minimalista,24,Escritorio de estilo minimalista fabricado en ratán. Dimensiones: 180x90x75 cm. Garantía de 24 meses.
furniture_product_032,Escritorio Pino Rústico 32,escritorios,661.93,448.11,56,Pino,80x80x40,Rústico,12,Escritorio de estilo rústico fabricado en pino. Dimensiones: 80x80x40 cm. Garantía de 12 meses.
furniture_product_033,Sofá Terciopelo Contemporáneo 33,sofas,2423.94,1643.21,108,Terciopelo,120x60x75,Contemporáneo,24,Sofá de estilo contemporáneo fabricado en terciopelo. Dimensiones: 120x60x75 cm. Garantía de 24 meses.
furniture_product_034,Silla Vidrio Escandinavo 34,sillas,573.58,298.44,7,Vidrio,80x80x40,Escandinavo,24,Silla de estilo escandinavo fabricado en vidrio. Dimensiones: 80x80x40 cm. Garantía de 24 meses.
furniture_product_035,Escritorio Roble Vintage 35,escritorios,2319.87,1474.37,36,Roble,160x80x75,Vintage,60,Escritorio de estilo vintage fabricado en roble. Dimensiones: 160x80x75 cm. Garantía de 60 meses.
furniture_product_036,Colchón Ratán Contemporáneo 36,colchones,429.15,209.86,7,Ratán,80x80x40,Contemporáneo,12,Colchón de estilo contemporáneo fabricado en ratán. Dimensiones: 80x80x40 cm. Garantía de 12 meses.
furniture_product_037,Colchón Metal Moderno 37,colchones,1481.14,815.89,109,Metal,120x60x75,Moderno,24,Colchón de estilo moderno fabricado en metal. Dimensiones: 120x60x75 cm. Garantía de 24 meses.
furniture_product_038,Sofá Cuero Nórdico 38,sofas,217.78,91.55,110,Cuero,200x150x40,Nórdico,24,Sofá de estilo nórdico fabricado en cuero. Dimensiones: 200x150x40 cm. Garantía de 24 meses.
furniture_product_039,Escritorio Nogal Art Déco 39,escritorios,1468.25,604.81,10,Nogal,90x90x75,Art Déco,60,Escritorio de estilo art déco fabricado en nogal. Dimensiones: 90x90x75 cm. Garantía de 60 meses.
furniture_product_040,Banco Tela Art Déco 40,bancos,825.01,394.54,85,Tela,140x70x75,Art Déco,36,Banco de estilo art déco fabricado en tela. Dimensiones: 140x70x75 cm. Garantía de 36 meses.
furniture_product_041,Cama Cerezo Vintage 41,camas,1695.54,830.81,40,Cerezo,200x150x40,Vintage,12,Cama de estilo vintage fabricado en cerezo. Dimensiones: 200x150x40 cm. Garantía de 12 meses.
furniture_product_042,Sofá Mármol Art Déco 42,sofas,2490.34,1050.87,27,Mármol,220x180x35,Art Déco,36,Sofá de estilo art déco fabricado en mármol. Dimensiones: 220x180x35 cm. Garantía de 36 meses.
furniture_product_043,Silla Metal Nórdico 43,sillas,955.24,427.3,106,Metal,90x90x75,Nórdico,36,Silla de estilo nórdico fabricado en metal. Dimensiones: 90x90x75 cm. Garantía de 36 meses.
furniture_product_044,Recibidor DM lacado Contemporáneo 44,recibidores,1686.16,955.01,119,DM lacado,120x60x75,Contemporáneo,12,Recibidor de estilo contemporáneo fabricado en dm lacado. Dimensiones: 120x60x75 cm. Garantía de 12 meses.
furniture_product_045,Silla Cerezo Nórdico 45,sillas,1868.82,834.68,36,Cerezo,180x90x75,Nórdico,24,Silla de estilo nórdico fabricado en cerezo. Dimensiones: 180x90x75 cm. Garantía de 24 meses.
furniture_product_046,Colchón Metal Clásico 46,colchones,1288.15,612.3,116,Metal,160x80x75,Clásico,12,Colchón de estilo clásico fabricado en metal. Dimensiones: 160x80x75 cm. Garantía de 12 meses.
furniture_product_047,Mesa Terciopelo Vintage 47,mesas,157.91,78.97,16,Terciopelo,160x80x75,Vintage,36,Mesa de estilo vintage fabricado en terciopelo. Dimensiones: 160x80x75 cm. Garantía de 36 meses.
furniture_product_048,Silla Ratán Escandinavo 48,sillas,1778.79,1010.84,14,Ratán,140x70x75,Escandinavo,12,Silla de estilo escandinavo fabricado en ratán. Dimensiones: 140x70x75 cm. Garantía de 12 meses.
furniture_product_049,Colchón Pino Contemporáneo 49,colchones,2094.66,1203.91,18,Pino,120x60x75,Contemporáneo,60,Colchón de estilo contemporáneo fabricado en pino. Dimensiones: 120x60x75 cm. Garantía de 60 meses.
furniture_product_050,Silla Roble Rústico 50,sillas,2252.4,1438.92,110,Roble,210x160x35,Rústico,12,Silla de estilo rústico fabricado en roble. Dimensiones: 210x160x35 cm. Garantía de 12 meses.
furniture_product_051,Estantería Haya Clásico 51,estanterias,916.41,520.49,111,Haya,180x90x75,Clásico,60,Estantería de estilo clásico fabricado en haya. Dimensiones: 180x90x75 cm. Garantía de 60 meses.
furniture_product_052,Recibidor Ratán Industrial 52,recibidores,2168.18,1502.25,103,Ratán,90x90x75,Industrial,24,Recibidor de estilo industrial fabricado en ratán. Dimensiones: 90x90x75 cm. Garantía de 24 meses.
furniture_product_053,Escritorio Roble Industrial 53,escritorios,1966.75,1029.62,85,Roble,210x160x35,Industrial,24,Escritorio de estilo industrial fabricado en roble. Dimensiones: 210x160x35 cm. Garantía de 24 meses.
furniture_product_054,Armario Pino Nórdico 54,armarios,2186.71,1437.93,28,Pino,100x50x45,Nórdico,24,Armario de estilo nórdico fabricado en pino. Dimensiones: 100x50x45 cm. Garantía de 24 meses.
furniture_product_055,Butaca Metal Rústico 55,butacas,596.06,356.45,51,Metal,90x90x75,Rústico,36,Butaca de estilo rústico fabricado en metal. Dimensiones: 90x90x75 cm. Garantía de 36 meses.
furniture_product_056,Armario Acero inoxidable Nórdico 56,armarios,910.21,503.18,86,Acero inoxidable,160x80x75,Nórdico,36,Armario de estilo nórdico fabricado en acero inoxidable. Dimensiones: 160x80x75 cm. Garantía de 36 meses.
furniture_product_057,Sofá Nogal Rústico 57,sofas,1472.34,1023.37,4,Nogal,200x150x40,Rústico,12,Sofá de estilo rústico fabricado en nogal. Dimensiones: 200x150x40 cm. Garantía de 12 meses.
furniture_product_058,Recibidor Vidrio Minimalista 58,recibidores,1119.07,778.06,14,Vidrio,210x160x35,Minimalista,60,Recibidor de estilo minimalista fabricado en vidrio. Dimensiones: 210x160x35 cm. Garantía de 60 meses.
furniture_product_059,Recibidor Haya Rústico 59,recibidores,1786.42,715.47,118,Haya,120x60x75,Rústico,24,Recibidor de estilo rústico fabricado en haya. Dimensiones: 120x60x75 cm. Garantía de 24 meses.
furniture_product_060,Estantería Vidrio Nórdico 60,estanterias,1576.63,944.43,15,Vidrio,210x160x35,Nórdico,36,Estantería de estilo nórdico fabricado en vidrio. Dimensiones: 210x160x35 cm. Garantía de 36 meses.
furniture_product_061,Mesita Cerezo Vintage 61,mesitas,1035.78,506.18,16,Cerezo,210x160x35,Vintage,24,Mesita de estilo vintage fabricado en cerezo. Dimensiones: 210x160x35 cm. Garantía de 24 meses.
furniture_product_062,Escritorio Terciopelo Vintage 62,escritorios,1557.91,763.82,70,Terciopelo,200x150x40,Vintage,12,Escritorio de estilo vintage fabricado en terciopelo. Dimensiones: 200x150x40 cm. Garantía de 12 meses.
furniture_product_063,Armario Cerezo Clásico 63,armarios,1975.01,1149.45,41,Cerezo,100x50x45,Clásico,60,Armario de estilo clásico fabricado en cerezo. Dimensiones: 100x50x45 cm. Garantía de 60 meses.
furniture_product_064,Butaca Mármol Clásico 64,butacas,1209.21,810.6,101,Mármol,140x70x75,Clásico,24,Butaca de estilo clásico fabricado en mármol. Dimensiones: 140x70x75 cm. Garantía de 24 meses.
furniture_product_065,Banco Nogal Rústico 65,bancos,1676.34,981.96,11,Nogal,140x70x75,Rústico,24,Banco de estilo rústico fabricado en nogal. Dimensiones: 140x70x75 cm. Garantía de 24 meses.
furniture_product_066,Banco Cerezo Clásico 66,bancos,410.92,170.07,60,Cerezo,90x90x75,Clásico,12,Banco de estilo clásico fabricado en cerezo. Dimensiones: 90x90x75 cm. Garantía de 12 meses.
furniture_product_067,Butaca Vidrio Art Déco 67,butacas,1809.85,932.42,51,Vidrio,90x90x75,Art Déco,24,Butaca de estilo art déco fabricado en vidrio. Dimensiones: 90x90x75 cm. Garantía de 24 meses.
furniture_product_068,Silla Terciopelo Moderno 68,sillas,1957.03,911.3,102,Terciopelo,180x90x75,Moderno,60,Silla de estilo moderno fabricado en terciopelo. Dimensiones: 180x90x75 cm. Garantía de 60 meses.
furniture_product_069,Sofá Cuero Clásico 69,sofas,1168.23,748.16,85,Cuero,180x90x75,Clásico,36,Sofá de estilo clásico fabricado en cuero. Dimensiones: 180x90x75 cm. Garantía de 36 meses.
furniture_product_070,Butaca Tela Contemporáneo 70,butacas,2084.79,1176.58,114,Tela,100x50x45,Contemporáneo,24,Butaca de estilo contemporáneo fabricado en tela. Dimensiones: 100x50x45 cm. Garantía de 24 meses.
furniture_product_071,Colchón Acero inoxidable Escandinavo 71,colchones,684.92,324.77,81,Acero inoxidable,80x80x40,Escandinavo,36,Colchón de estilo escandinavo fabricado en acero inoxidable. Dimensiones: 80x80x40 cm. Garantía de 36 meses.
furniture_product_072,Mesita Mármol Clásico 72,mesitas,1127.59,692.41,30,Mármol,160x80x75,Clásico,36,Mesita de estilo clásico fabricado en mármol. Dimensiones: 160x80x75 cm. Garantía de 36 meses.
furniture_product_073,Estantería Metal Contemporáneo 73,estanterias,388.92,182.55,88,Metal,180x90x75,Contemporáneo,24,Estantería de estilo contemporáneo fabricado en metal. Dimensiones: 180x90x75 cm. Garantía de 24 meses.
furniture_product_074,Colchón Haya Nórdico 74,colchones,1048.52,590.09,53,Haya,100x50x45,Nórdico,12,Colchón de estilo nórdico fabricado en haya. Dimensiones: 100x50x45 cm. Garantía de 12 meses.
furniture_product_075,Cama Acero inoxidable Vintage 75,camas,2266.75,1303.89,89,Acero inoxidable,100x50x45,Vintage,12,Cama de estilo vintage fabricado en acero inoxidable. Dimensiones: 100x50x45 cm. Garantía de 12 meses.
furniture_product_076,Recibidor Vidrio Escandinavo 76,recibidores,2359.62,1155.23,49,Vidrio,120x60x75,Escandinavo,60,Recibidor de estilo escandinavo fabricado en vidrio. Dimensiones: 120x60x75 cm. Garantía de 60 meses.
furniture_product_077,Mesita Ratán Contemporáneo 77,mesitas,2249.54,1229.3,34,Ratán,220x180x35,Contemporáneo,60,Mesita de estilo contemporáneo fabricado en ratán. Dimensiones: 220x180x35 cm. Garantía de 60 meses.
furniture_product_078,Butaca Roble Vintage 78,butacas,1688.64,1079.79,92,Roble,210x160x35,Vintage,24,Butaca de estilo vintage fabricado en roble. Dimensiones: 210x160x35 cm. Garantía de 24 meses.
furniture_product_079,Butaca Pino Art Déco 79,butacas,115.97,60.1,72,Pino,140x70x75,Art Déco,12,Butaca de estilo art déco fabricado en pino. Dimensiones: 140x70x75 cm. Garantía de 12 meses.
furniture_product_080,Mesa Terciopelo Vintage 80,mesas,2173.69,987.98,33,Terciopelo,200x150x40,Vintage,60,Mesa de estilo vintage fabricado en terciopelo. Dimensiones: 200x150x40 cm. Garantía de 60 meses.
